000001-color.png,2
000007-color.png,2
000013-color.png,2
000019-color.png,2
000025-color.png,2
000031-color.png,2
000037-color.png,2
000043-color.png,2
000049-color.png,2
000055-color.png,2
000061-color.png,2
000067-color.png,2
000073-color.png,2
000079-color.png,2
000085-color.png,2
000091-color.png,2
000097-color.png,2
000103-color.png,2
000109-color.png,2
000115-color.png,2
000121-color.png,2
000127-color.png,2
000133-color.png,2
000139-color.png,2
000145-color.png,6
000151-color.png,6
000157-color.png,6
000163-color.png,6
000169-color.png,6
000175-color.png,6
000181-color.png,6
000187-color.png,6
000193-color.png,6
000199-color.png,6
000205-color.png,6
000211-color.png,6
000217-color.png,6
000223-color.png,6
000229-color.png,6
000235-color.png,6
000241-color.png,6
000247-color.png,6
000253-color.png,6
000259-color.png,6
000265-color.png,6
000271-color.png,6
000277-color.png,6
000283-color.png,6
000289-color.png,6
000295-color.png,6
000301-color.png,6
000307-color.png,6
000313-color.png,6
000319-color.png,6
000325-color.png,6
000331-color.png,6
000337-color.png,7
000343-color.png,7
000349-color.png,7
000355-color.png,7
000361-color.png,7
000367-color.png,7
000373-color.png,7
000379-color.png,7
000385-color.png,7
000391-color.png,7
000397-color.png,7
000403-color.png,7
000409-color.png,7
000415-color.png,7
000421-color.png,7
000427-color.png,7
000433-color.png,7
000439-color.png,7
000445-color.png,7
000451-color.png,7
000457-color.png,7
000463-color.png,7
000469-color.png,7
000475-color.png,7
000481-color.png,7
000487-color.png,7
000493-color.png,7
000499-color.png,7
000505-color.png,7
000511-color.png,7
000517-color.png,7
000523-color.png,7
000529-color.png,8
000535-color.png,8
000541-color.png,8
000547-color.png,8
000553-color.png,8
000559-color.png,8
000565-color.png,8
000571-color.png,8
000577-color.png,8
000583-color.png,8
000589-color.png,8
000595-color.png,8
000601-color.png,8
000607-color.png,8
000613-color.png,8
000619-color.png,8
000625-color.png,8
000631-color.png,8
000637-color.png,8
000643-color.png,8
000649-color.png,8
000655-color.png,8
000661-color.png,8
000667-color.png,8
000673-color.png,8
000679-color.png,8
000685-color.png,8
000691-color.png,8
000697-color.png,8
000703-color.png,8
000709-color.png,8
000715-color.png,8
000721-color.png,8
000727-color.png,8
000733-color.png,8
000739-color.png,8
000745-color.png,12
000751-color.png,12
000757-color.png,12
000763-color.png,12
000769-color.png,12
000775-color.png,12
000781-color.png,12
000787-color.png,12
000793-color.png,12
000799-color.png,12
000805-color.png,12
000811-color.png,12
000817-color.png,12
000823-color.png,12
000829-color.png,12
000835-color.png,12
000841-color.png,12
000847-color.png,12
000853-color.png,12
000859-color.png,12
000865-color.png,12
000871-color.png,12
000877-color.png,12
000883-color.png,12
000889-color.png,12
000895-color.png,12
000901-color.png,8
000907-color.png,8
000913-color.png,8
000919-color.png,8
000925-color.png,8
000931-color.png,8
000937-color.png,8
000943-color.png,8
000949-color.png,8
000955-color.png,8
000961-color.png,8
000967-color.png,8
000973-color.png,8
000979-color.png,8
000985-color.png,4
000991-color.png,4
000997-color.png,4
001003-color.png,4
001009-color.png,4
001015-color.png,4
001021-color.png,4
001027-color.png,4
001033-color.png,4
001039-color.png,4
001045-color.png,4
001051-color.png,4
001057-color.png,4
001063-color.png,4
001069-color.png,4
001075-color.png,4
001081-color.png,4
001087-color.png,4
001093-color.png,4
001099-color.png,4
001105-color.png,13
001111-color.png,13
001117-color.png,13
001123-color.png,13
001129-color.png,13
001135-color.png,13
001141-color.png,13
001147-color.png,13
001153-color.png,13
001159-color.png,13
001165-color.png,13
001171-color.png,13
001177-color.png,13
001183-color.png,13
001189-color.png,13
001195-color.png,13
001201-color.png,13
001207-color.png,13
001213-color.png,13
001219-color.png,13
001225-color.png,13
001231-color.png,13
001237-color.png,13
001243-color.png,14
001249-color.png,14
001255-color.png,14
001261-color.png,14
001267-color.png,14
001273-color.png,14
001279-color.png,14
001285-color.png,14
001291-color.png,14
001297-color.png,14
001303-color.png,14
001309-color.png,14
001315-color.png,14
001321-color.png,14
001327-color.png,14
001333-color.png,14
001339-color.png,14
001345-color.png,14
001351-color.png,18
001357-color.png,18
001363-color.png,18
001369-color.png,18
001375-color.png,18
001381-color.png,18
001387-color.png,18
001393-color.png,18
001399-color.png,18
001405-color.png,18
001411-color.png,18
001417-color.png,18
001423-color.png,18
001429-color.png,18
001435-color.png,18
001441-color.png,18
001447-color.png,18
001453-color.png,18
001459-color.png,18
001465-color.png,18
001471-color.png,18
001477-color.png,18
001483-color.png,18
001489-color.png,18
001495-color.png,18
001501-color.png,18
001507-color.png,18
001513-color.png,18
001519-color.png,18
001525-color.png,18
001531-color.png,18
001537-color.png,18
001543-color.png,18
001549-color.png,18
001555-color.png,18
001561-color.png,18
001567-color.png,18
001573-color.png,18
001579-color.png,18
001585-color.png,18
001591-color.png,18
001597-color.png,18
001603-color.png,18
001609-color.png,18
001615-color.png,18
001621-color.png,18
001627-color.png,18
001633-color.png,18
001639-color.png,18
001645-color.png,18
001651-color.png,18
001657-color.png,18
001663-color.png,18
001669-color.png,18
001675-color.png,18
001681-color.png,18
001687-color.png,18
001693-color.png,18
001699-color.png,18
001705-color.png,18
001711-color.png,18
001717-color.png,18
001723-color.png,18
001729-color.png,18
001735-color.png,18
001741-color.png,18
001747-color.png,18
001753-color.png,18
001759-color.png,18
001765-color.png,18
001771-color.png,18
001777-color.png,18
001783-color.png,18
001789-color.png,18
001795-color.png,18
001801-color.png,18
001807-color.png,22
001813-color.png,22
001819-color.png,22
001825-color.png,22
001831-color.png,22
001837-color.png,22
001843-color.png,22
001849-color.png,22
001855-color.png,22
001861-color.png,22
001867-color.png,22
001873-color.png,22
001879-color.png,22
001885-color.png,22
001891-color.png,22
001897-color.png,22
